round,loss,accuracy,num_clients
1,0.4696018695831299,0.9065999984741211,5
2,0.469144344329834,0.9176999926567078,5
