round,loss,accuracy,num_clients
1,0.10209167748689651,0.968500018119812,2
2,0.08318326622247696,0.9783999919891357,2
