round,loss,accuracy,num_clients
1,0.24883341789245605,0.928600013256073,25
2,0.19840238988399506,0.9419000148773193,25
