round,loss,accuracy,num_clients
1,0.23100070655345917,0.9300000071525574,20
2,0.17554797232151031,0.9480000138282776,20
