round,loss,accuracy,num_clients
1,89.75765991210938,0.11349999904632568,2
2,11.916181564331055,0.27390000224113464,2
