round,loss,accuracy,num_clients
1,0.561284601688385,0.8866000175476074,10
2,0.47510644793510437,0.9129999876022339,10
