round,loss,accuracy,num_clients
1,0.124287448823452,0.9634000062942505,5
2,0.09314341843128204,0.9736999869346619,5
