round,loss,accuracy,num_clients
1,89.75765991210938,0.11349999904632568,2
2,11.916181564331055,0.27390000224113464,2
3,3.650273323059082,0.4950000047683716,2
4,2.729673147201538,0.5748999714851379,2
5,1.3438833951950073,0.708299994468689,2
6,1.0442297458648682,0.7692999839782715,2
7,0.6556676030158997,0.8453999757766724,2
8,0.5494337677955627,0.876800000667572,2
9,0.4696619510650635,0.8962000012397766,2
10,0.4980446696281433,0.8881000280380249,2
