round,loss,accuracy,num_clients
1,0.8797870874404907,0.8234000205993652,25
2,0.5776881575584412,0.8889999985694885,25
