round,client,total_weights,rejected_weights,rejection_percentage,threshold
1,1,101770,0,0.0,0.99
1,2,101770,0,0.0,0.99
2,1,101770,0,0.0,0.794
2,2,101770,0,0.0,0.794
3,1,101770,120,0.11791294094526873,0.598
3,2,101770,120,0.11791294094526873,0.598
4,1,101770,1749,1.718581114277292,0.402
4,2,101770,1749,1.718581114277292,0.402
5,1,101770,2572,2.5272673675935935,0.20599999999999996
5,2,101770,2572,2.5272673675935935,0.20599999999999996
