round,loss,accuracy,num_clients
1,50.93311309814453,0.0982000008225441,3
2,103.92455291748047,0.10320000350475311,3
3,40.873558044433594,0.11389999836683273,3
4,50.68916320800781,0.10320000350475311,3
5,43.71860122680664,0.10090000182390213,3
6,51.27900695800781,0.10320000350475311,3
7,73.1849365234375,0.10090000182390213,3
8,55.75246810913086,0.10090000182390213,3
9,80.72930145263672,0.10090000182390213,3
10,86.95198059082031,0.10090000182390213,3
