round,loss,accuracy,num_clients
1,0.20927214622497559,0.9379000067710876,15
2,0.1546175479888916,0.954800009727478,15
