round,loss,accuracy,num_clients
1,0.5391361713409424,0.8921999931335449,10
2,0.4696232080459595,0.9126999974250793,10
