round,loss,accuracy,num_clients
1,0.13364873826503754,0.9595000147819519,5
2,0.09878420829772949,0.972000002861023,5
