round,loss,accuracy,num_clients
1,89.75765991210938,0.11349999904632568,2
2,11.916181564331055,0.27390000224113464,2
3,3.650273323059082,0.4950000047683716,2
4,3.0925328731536865,0.5432000160217285,2
5,2.5955727100372314,0.5654000043869019,2
