round,loss,accuracy,num_clients
1,0.48891663551330566,0.9144999980926514,2
2,0.5004627108573914,0.9160000085830688,2
