round,loss,accuracy,num_clients
1,0.8103652596473694,0.8398000001907349,25
2,0.5724812746047974,0.8935999870300293,25
