round,loss,accuracy,num_clients
1,0.21913288533687592,0.9369000196456909,15
2,0.16303978860378265,0.9523000121116638,15
