round,loss,accuracy,num_clients
1,0.5067393183708191,0.9089000225067139,3
2,0.6628105044364929,0.8899999856948853,3
