round,loss,accuracy,num_clients
1,0.6432754993438721,0.8648999929428101,15
2,0.5085601806640625,0.9031999707221985,15
