round,loss,accuracy,num_clients
1,0.46382850408554077,0.9096999764442444,5
2,0.4666832983493805,0.9179999828338623,5
