round,loss,accuracy,num_clients
1,50.93311309814453,0.0982000008225441,3
2,103.92455291748047,0.10320000350475311,3
