round,loss,accuracy,num_clients
1,0.18693247437477112,0.9434000253677368,10
2,0.135201096534729,0.9614999890327454,10
