round,loss,accuracy,num_clients
1,0.5067400932312012,0.9089000225067139,3
2,0.493396520614624,0.9157000184059143,3
