round,loss,accuracy,num_clients
1,0.23266161978244781,0.9315999746322632,20
2,0.17910560965538025,0.946399986743927,20
