round,loss,accuracy,num_clients
1,0.7293028831481934,0.8450000286102295,20
2,0.5225107669830322,0.8992000222206116,20
