round,loss,accuracy,num_clients
1,0.48891720175743103,0.9143999814987183,2
2,0.5698043704032898,0.9039000272750854,2
