round,loss,accuracy,num_clients
1,0.6962344646453857,0.8544999957084656,20
2,0.524850070476532,0.8986999988555908,20
