round,loss,accuracy,num_clients
1,0.10209168493747711,0.968500018119812,2
2,0.08321021497249603,0.9782999753952026,2
