round,loss,accuracy,num_clients
1,0.6164712309837341,0.8639000058174133,15
2,0.4970790445804596,0.9085999727249146,15
