round,loss,accuracy,num_clients
1,0.2544088363647461,0.9254999756813049,25
2,0.19840885698795319,0.9412000179290771,25
