round,loss,accuracy,num_clients
1,21.29292106628418,0.11900000274181366,2
2,4.201604843139648,0.49399998784065247,2
