round,loss,accuracy,num_clients
1,0.18622265756130219,0.9460999965667725,10
2,0.13358864188194275,0.9617000222206116,10
